date,filename,sentence,sentiment_score,sentiment_pos,sentiment_neg,sentiment_neu
2000-02-02,FOMCminutes20000202.txt,"Economic growth appeared to have been brisk in Mexico, Korea, China, Hong Kong, and Taiwan but was mixed among the ASEAN countries and slower in Brazil.",0.2732,0.114,0.0,0.886
2001-06-27,FOMCminutes20010627.txt,"Most of the developing countries, with the notable exception of China, also were experiencing an economic slowdown that was related at least in part to weaker external demand.",-0.5267,0.0,0.145,0.855
2001-11-06,FOMCminutes20011106.txt,"Most major emerging-market economies, with the notable exception of China, also were continuing to experience an economic slowdown that was related at least in part to weakness in the industrialized world.",-0.4215,0.0,0.085,0.915
2001-12-11,FOMCminutes20011211.txt,Economic growth in China seemed to have slowed a little.,0.3818,0.245,0.0,0.755
2002-11-06,FOMCminutes20021106.txt,"The pace of recovery in most of emerging Asia also appeared to have slowed, though China evidently remained on a path of robust expansion.",0.34,0.098,0.0,0.902
2003-01-29,FOMCminutes20030129.txt,Economic growth in China remained strong.,0.7096,0.596,0.0,0.404
2003-03-18,FOMCminutes20030318.txt,Economic growth in China remained strong.,0.7096,0.596,0.0,0.404
2003-05-06,FOMCminutes20030506.txt,"China, however, registered robust growth in the first quarter.",0.6124,0.417,0.0,0.583
2004-08-10,FOMCminutes20040810.txt,Growth of real GDP in China slowed significantly in the spring.,0.3818,0.206,0.0,0.794
2005-05-03,FOMCminutes20050503.txt,"By contrast, economic activity in China and other developing countries showed greater buoyancy.",0.3612,0.172,0.0,0.828
2005-08-09,FOMCminutes20050809.txt,"The People's Bank of China announced a change to its exchange-rate regime, including an immediate 2.1 percent appreciation of the renminbi versus the dollar.",0.5106,0.13,0.0,0.87
2007-10-30,FOMCminutes20071030.txt,"Food prices continued to be a major source of inflationary pressures in emerging-market economies, and Chinese authorities took several steps aimed at quelling rising prices.",-0.3182,0.0,0.091,0.909
2008-03-18,FOMCminutes20080318.txt,"In emerging Asia, the pace of real GDP growth picked up in the fourth quarter in China and South Korea, but it softened in most other countries.",0.2023,0.065,0.0,0.935
2008-04-30,FOMCminutes20080430.txt,"In emerging Asia, real economic growth was estimated to have picked up in the first quarter from a robust pace in the fourth quarter, led by brisk expansions in China and Singapore.",0.6808,0.191,0.0,0.809
2008-08-05,FOMCminutes20080805.txt,Real GDP growth in China moderated but remained strong.,0.7391,0.472,0.0,0.528
2008-09-16,FOMCminutes20080916.txt,"In Asia, output decelerated significantly in the second quarter, as growth moderated in China and weakened more sharply in several other economies.",0.0772,0.104,0.092,0.803
2008-10-29,FOMCminutes20081029.txt,Real GDP growth in China moved down in the third quarter.,0.3818,0.206,0.0,0.794
2008-12-16,FOMCminutes20081216.txt,"In Asia, output decelerated significantly, as the pace of real activity moderated in China and several other economies saw declines in real GDP.",0.0,0.0,0.0,1.0
2009-01-28,FOMCminutes20090128.txt,"Incoming data suggested that economic activity in the emerging market economies slowed significantly in the fourth quarter, with real gross domestic product (GDP) plunging in several Asian economies and appearing little changed in China.",-0.4767,0.0,0.086,0.914
2009-04-29,FOMCminutes20090429.txt,"In particular, the growth of real gross domestic product (GDP) in China appeared to pick up on a quarterly basis following fiscal stimulus measures and steps to foster credit expansion.",0.2732,0.152,0.09,0.758
2009-06-24,FOMCminutes20090624.txt,"In China, retail sales and fixed-asset investment rose strongly.",0.2732,0.208,0.0,0.792
2009-06-24,FOMCminutes20090624.txt,"Chinese authorities held the renminbi nearly unchanged against the dollar, and several central banks intervened to purchase dollars, attempting to slow the dollar's depreciation against their currencies.",0.0,0.0,0.0,1.0
2009-06-24,FOMCminutes20090624.txt,Recent information from China suggested that economic growth may be picking up there.,0.3818,0.178,0.0,0.822
2009-08-12,FOMCminutes20090812.txt,"Real GDP rebounded sharply in China and South Korea, and the preliminary estimate in Singapore indicated a substantial increase.",0.4767,0.204,0.0,0.796
2009-08-12,FOMCminutes20090812.txt,"In China, policy stimulus lifted activity and thus helped boost China's imports, primarily from other countries in Asia.",0.4019,0.137,0.0,0.863
2009-09-23,FOMCminutes20090923.txt,"International trade in emerging market economies picked up, supported by Chinese demand, while demand from advanced economies still appeared weak.",-0.1531,0.171,0.234,0.595
2009-09-23,FOMCminutes20090923.txt,"In emerging markets, credit default swap spreads on sovereign debt declined slightly, and equity prices in most countries rose moderately; however, stock prices fell notably in China, partly driven by reports that authorities were taking actions to moderate loan growth.",0.4019,0.116,0.056,0.828
2009-11-04,FOMCminutes20091104.txt,"Real GDP increased strongly in China, Korea, and Singapore, and the recovery in Brazil continued.",0.4939,0.244,0.0,0.756
2009-12-16,FOMCminutes20091216.txt,"Stock price indexes in major emerging markets increased as well, particularly in Brazil and Mexico, amid generally rising commodity prices and a better-than-expected Mexican GDP report; Chinese stock prices also increased strongly.",0.7506,0.237,0.0,0.763
2010-01-27,FOMCminutes20100127.txt,"Within emerging Asia, growth appeared to have remained robust in China and to have slowed elsewhere.",0.6124,0.263,0.0,0.737
2010-01-27,FOMCminutes20100127.txt,Concerns that policy tightening by China might restrain the global recovery also may have contributed to the dollar's appreciation against many currencies late in the period.,0.5106,0.117,0.0,0.883
2010-03-16,FOMCminutes20100316.txt,Continued rapid expansion in China and several other Asian economies offset slowdowns elsewhere in the region.,0.0,0.0,0.0,1.0
2010-03-16,FOMCminutes20100316.txt,Option-implied volatility on the S&P 500 index dropped back to post-crisis lows after increasing earlier in the period on concerns about Chinese monetary policy tightening and fiscal strains in Europe.,-0.4588,0.0,0.125,0.875
2010-04-28,FOMCminutes20100428.txt,"In China, real gross domestic product (GDP) increased at a higher-than-expected annual rate in the first quarter as the economic recovery remained broad based, with industrial production, investment, and domestic demand continuing to grow briskly.",-0.3612,0.056,0.122,0.822
2010-06-23,FOMCminutes20100623.txt,"By contrast, brighter economic prospects in Canada and China prompted the Bank of Canada to raise its target for the overnight rate to 50 basis points at its June meeting and Chinese authorities to raise banks' reserve requirement further in May.",0.5859,0.11,0.0,0.89
2010-06-23,FOMCminutes20100623.txt,"In addition, the People's Bank of China announced late in the period that it would allow the renminbi to move more flexibly, and the currency appreciated slightly immediately following the announcement.",0.7778,0.218,0.0,0.782
2010-08-10,FOMCminutes20100810.txt,"In the emerging market economies (EMEs), incoming data generally pointed to a moderation of economic growth, albeit to a still-solid pace, with a notable slowing in China in the second quarter.",0.3818,0.088,0.0,0.912
2010-08-10,FOMCminutes20100810.txt,"Notwithstanding the improved investor sentiment toward Europe, data releases pointing to lower-than-expected growth in economic activity in the United States and China may have weighed on global sovereign bond yields, which declined on net in Canada, Germany, the United Kingdom, and Japan.",0.8834,0.229,0.0,0.771
2010-09-21,FOMCminutes20100921.txt,"In particular, gross domestic product (GDP) grew strongly in the emerging market economies, even though gains in China apparently moderated.",0.1027,0.183,0.126,0.691
2010-11-03,FOMCminutes20101103.txt,"Following an unsustainably high rate of expansion in the second quarter, growth of real gross domestic product (GDP) in the emerging market economies appeared to have slowed markedly, notwithstanding an apparent acceleration in economic activity in China.",-0.128,0.064,0.076,0.86
2010-11-03,FOMCminutes20101103.txt,"In addition, Chinese authorities allowed the renminbi to appreciate slightly against the dollar.",0.4019,0.184,0.0,0.816
2010-11-03,FOMCminutes20101103.txt,"Several emerging market central banks tightened monetary policy, including the People's Bank of China.",0.0,0.0,0.0,1.0
2010-12-14,FOMCminutes20101214.txt,"The People's Bank of China raised the required reserve ratio for banks a cumulative 150 basis points over the intermeeting period, and other central banks in emerging Asia increased policy rates.",0.2732,0.068,0.0,0.932
2010-12-14,FOMCminutes20101214.txt,"China's Shanghai Composite Index fell in the wake of Chinese policy actions, while other emerging market stock indexes were mixed over the period.",0.0,0.0,0.0,1.0
2010-12-14,FOMCminutes20101214.txt,"The dollar appreciated slightly, on average, against the emerging market currencies, although it edged down against the Chinese renminbi.",0.5106,0.155,0.0,0.845
2011-01-26,FOMCminutes20110126.txt,"For China and Singapore, real gross domestic product (GDP) data for the fourth quarter confirmed a rebound in economic growth.",-0.128,0.115,0.137,0.749
2011-04-27,FOMCminutes20110427.txt,China's monetary authority further increased banks' lending rates and deposit rates and continued to tighten reserve requirements; monetary policy in a number of other EMEs was also tightened over the intermeeting period.,0.4019,0.144,0.0,0.856
2011-06-22,FOMCminutes20110622.txt,"However, central banks in several emerging market economies continued to tighten policy, and the monetary authorities in China increased required reserve ratios further.",0.2732,0.087,0.0,0.913
2011-08-09,FOMCminutes20110809.txt,"Central banks in several emerging market economies, including China, continued to tighten policy in response to inflationary pressures.",-0.3182,0.0,0.119,0.881
2011-09-21,FOMCminutes20110921.txt,"In contrast, China continued to tighten its monetary policy, extending reserve requirements to a wider range of bank liabilities as it attempted to rein in off-balance-sheet lending by its banks.",-0.2023,0.0,0.06,0.94
2011-11-02,FOMCminutes20111102.txt,"Elsewhere, indicators were somewhat more upbeat, with employment in Canada continuing to rise through September, while GDP growth in China over the year ending in the third quarter was a little less than in the first half of the year but still quite robust.",0.653,0.115,0.0,0.885
2011-12-13,FOMCminutes20111213.txt,"Among emerging market economies, real GDP in Brazil was flat in the third quarter, while exports from China slowed in recent months, although Chinese domestic demand appeared to remain strong.",0.4215,0.101,0.046,0.854
2011-12-13,FOMCminutes20111213.txt,"China's central bank cut its reserve requirements by 50 basis points, and the central bank of Brazil lowered its policy rate by the same amount.",-0.3818,0.0,0.135,0.865
2012-03-13,FOMCminutes20120313.txt,"A number of participants observed that exports continued to be a positive factor for U.S. growth, while noting risks to the export picture from economic weakness in Europe or a greater-than-expected slowdown in China and emerging Asia.",0.3818,0.181,0.118,0.7
2012-04-25,FOMCminutes20120425.txt,"Imports from China were especially weak, which may in part reflect seasonal adjustment issues related to the timing of the Chinese New Year.",-0.4927,0.0,0.127,0.873
2012-04-25,FOMCminutes20120425.txt,"Exports have supported U.S. growth so far this year; however, some participants noted risks to the export picture from economic weakness in Europe or from a more significant slowdown in the pace of expansion in China and emerging Asia.",0.2716,0.156,0.109,0.735
2012-06-20,FOMCminutes20120620.txt,"In China, data on production and sales in April and May suggested that economic activity was increasing at a less rapid pace than last year.",0.0,0.0,0.0,1.0
2012-06-20,FOMCminutes20120620.txt,"Signs of a slowdown in global economic growth prompted policy easing by central banks in Brazil, China, and Australia, and the Bank of England announced new lending initiatives.",0.5574,0.155,0.0,0.845
2012-06-20,FOMCminutes20120620.txt,"However, recent reports from some business contacts pointed to slowing exports to Europe and China, and several participants noted the risk that economic weakness in Europe or a more significant slowing in the pace of expansion in emerging markets in Asia could damp exports further.",-0.4228,0.044,0.102,0.854
2012-08-01,FOMCminutes20120801.txt,"Real GDP in China accelerated somewhat in the second quarter following a relatively weak expansion in the first quarter, and recent monthly data suggested some further improvement.",0.0258,0.1,0.097,0.803
2012-08-01,FOMCminutes20120801.txt,"The central banks of Brazil, China, and South Korea all reduced official rates as well.",0.2732,0.13,0.0,0.87
2012-08-01,FOMCminutes20120801.txt,"However, contacts in several Districts indicated that export demand had weakened as a result of the slowdown in economic activity in Europe; Asia; and some emerging market countries, including China.",-0.4215,0.0,0.123,0.877
2012-09-13,FOMCminutes20120913.txt,"In China, export growth slowed, while retail sales and investment spending changed little.",0.3818,0.178,0.0,0.822
2012-10-24,FOMCminutes20121024.txt,"Data for exports from emerging market economies, especially in Asia, showed a drop, although recently released data for China indicated a pickup in economic activity in the third quarter.",-0.2732,0.0,0.075,0.925
2012-10-24,FOMCminutes20121024.txt,"Of note, the Chinese renminbi appreciated further against the dollar.",0.5106,0.268,0.0,0.732
2013-01-30,FOMCminutes20130130.txt,"In emerging market economies, real GDP growth is estimated to have picked up in China in the fourth quarter, consistent with other Chinese indicators that pointed to an improvement in activity.",0.6808,0.162,0.0,0.838
2013-01-30,FOMCminutes20130130.txt,"Participants generally welcomed an apparent pickup in economic growth in parts of Asia and saw reduced risk that the Chinese economy would slow abruptly, but it was noted that no economy was currently in a position to lead global growth higher.",0.3716,0.149,0.094,0.757
2013-03-20,FOMCminutes20130320.txt,"In emerging market economies (EMEs), an increase in exports contributed to a pickup in the pace of economic growth in the fourth quarter, including for China.",0.5994,0.176,0.0,0.824
2013-03-20,FOMCminutes20130320.txt,More-recent indicators suggest that economic activity in China has slowed some.,0.0,0.0,0.0,1.0
2013-05-01,FOMCminutes20130501.txt,"In contrast, economic growth in China slowed abruptly after surging late last year.",0.3818,0.178,0.0,0.822
2013-05-01,FOMCminutes20130501.txt,"Perhaps reflecting more subdued growth abroad, especially in Europe and China, net exports weakened in the first quarter.",0.1477,0.136,0.109,0.755
2013-06-19,FOMCminutes20130619.txt,"A slower pace of expansion in many emerging market economies (EMEs), including China, since the beginning of the year offset an increase in the average rate of economic growth in the advanced foreign economies.",0.7096,0.187,0.0,0.813
2013-07-31,FOMCminutes20130731.txt,"In contrast, Chinese real GDP growth moderated in the first half of this year compared with 2012, and indicators for other emerging market economies (EMEs) also pointed to less-robust growth.",0.6369,0.157,0.0,0.843
2013-07-31,FOMCminutes20130731.txt,"Foreign equity prices generally increased, although equity prices in China declined amid investor concerns regarding further signs that the economy was slowing and over volatility in Chinese interbank funding markets.",0.2732,0.068,0.0,0.932
2013-09-18,FOMCminutes20130918.txt,"Growth in real gross domestic product (GDP) picked up in the second quarter in the United Kingdom and remained strong in Japan, recent data suggested that the euro-area economy was coming out of recession, and economic indicators were positive for China and several other emerging market economies (EMEs) in Asia.",0.7506,0.198,0.095,0.707
2013-10-30,FOMCminutes20131030.txt,"Foreign economic growth appeared to improve in the third quarter following a sluggish first half, largely reflecting stronger growth estimated for China and a rebound in Mexico from contraction in the previous quarter.",0.7906,0.272,0.069,0.66
2013-12-18,FOMCminutes20131218.txt,"Foreign economic activity strengthened in the third quarter, as the euro area continued to recover from its recent recession, economic growth picked up in China after slowing in the first half of the year, and the Mexican economy rebounded from a second-quarter contraction.",0.3818,0.114,0.059,0.826
2014-01-29,FOMCminutes20140129.txt,"Local-currency yields rose in some emerging market economies, such as Brazil, South Africa, and Turkey, and short-term interbank rates in China were volatile and trended higher over the period.",0.0,0.0,0.0,1.0
2014-03-19,FOMCminutes20140319.txt,"Among the emerging market economies (EMEs), recent data suggested that economic growth in China was slowing in the first quarter, and that the rate of growth in the other Asian economies was also declining from a very robust fourth-quarter pace.",0.7841,0.18,0.0,0.82
2014-03-19,FOMCminutes20140319.txt,"One notable exception was the Chinese renminbi, which depreciated against the dollar.",0.0,0.0,0.0,1.0
2014-03-19,FOMCminutes20140319.txt,"It was suggested that slower growth in China had likely already put some downward pressure on world commodity prices, and a couple of participants observed that a larger-than-expected slowdown in economic growth in China could have adverse implications for global economic growth.",0.4767,0.164,0.099,0.737
2014-04-30,FOMCminutes20140430.txt,"Real GDP growth slowed markedly in China, largely reflecting lower investment growth and exports.",0.4588,0.283,0.12,0.598
2014-04-30,FOMCminutes20140430.txt,"In China and India, inflation fell in the first quarter, largely because of lower food prices.",-0.296,0.0,0.128,0.872
2014-04-30,FOMCminutes20140430.txt,"The broad nominal exchange rate index for the dollar was about unchanged, as the dollar appreciated against the euro, yen, and renminbi but depreciated against most other currencies.",0.2846,0.074,0.0,0.926
2014-04-30,FOMCminutes20140430.txt,"However, a number of participants pointed to possible sources of downside risk to growth, including a persistent slowdown in the housing sector or potential international developments, such as a further slowing of growth in China or an increase in geopolitical tensions regarding Russia and Ukraine.",0.25,0.174,0.134,0.692
2014-06-18,FOMCminutes20140618.txt,"Foreign real GDP growth slowed in the first quarter, especially in China and some other emerging market economies.",0.3818,0.133,0.0,0.867
2014-06-18,FOMCminutes20140618.txt,And a couple of participants expressed uncertainty about the outlook for economic growth in Japan and China.,0.0516,0.137,0.126,0.737
2014-07-30,FOMCminutes20140730.txt,"Recent indicators suggested that foreign economic activity strengthened in the second quarter: Chinese GDP accelerated substantially, and Mexican data suggested a pickup there.",0.4215,0.118,0.0,0.882
2014-07-30,FOMCminutes20140730.txt,"Mixed news from emerging market economies, including better-than-expected GDP growth in China and concerns about Argentina's scheduled debt payments, generally had modest market effects.",0.0258,0.096,0.092,0.812
2014-09-17,FOMCminutes20140917.txt,"Economic growth rebounded strongly from a weak first-quarter pace in Canada, China, and Mexico, supported by improvement in exports.",0.7269,0.386,0.112,0.502
2014-09-17,FOMCminutes20140917.txt,"However, indicators of economic activity in the euro area remained weak, and Chinese economic data for July and August suggested some slowing in the third quarter.",-0.4404,0.0,0.104,0.896
2014-09-17,FOMCminutes20140917.txt,Several participants added that slower economic growth in China or Japan or unanticipated events in the Middle East or Ukraine might pose a similar risk.,0.128,0.097,0.079,0.824
2014-10-29,FOMCminutes20141029.txt,"Among emerging market economies, GDP growth remained strong in the third quarter in China and Korea and indicators for Mexico were favorable as well.",0.8779,0.357,0.0,0.643
2014-10-29,FOMCminutes20141029.txt,"In discussing economic developments abroad, participants pointed to a somewhat weaker economic outlook and increased downside risks in Europe, China, and Japan, as well as to the strengthening of the dollar over the period.",0.1761,0.18,0.163,0.657
2014-12-17,FOMCminutes20141217.txt,"In the emerging market economies, economic growth slowed in Mexico in the third quarter and remained sluggish in Brazil; economic growth in China likely slowed moderately in the fourth quarter.",0.3612,0.149,0.077,0.774
2014-12-17,FOMCminutes20141217.txt,"Changes in stock prices abroad were mixed, on net, over the intermeeting period: There were large increases in Japan and China along with large decreases in oil-exporting countries, such as Canada, Mexico, and Russia.",0.0,0.0,0.0,1.0
2015-01-28,FOMCminutes20150128.txt,"However, growth slowed in China, partly reflecting further moderation in residential investment, and declining construction activity also contributed to slowing GDP growth in Korea and the United Kingdom.",0.7906,0.242,0.0,0.758
2015-01-28,FOMCminutes20150128.txt,"In addition, the slowdown of growth in China was noted as a factor restraining economic expansion in a number of countries, and several continuing risks to the international economic outlook were cited, including global disinflationary pressure, tensions in the Middle East and Ukraine, and financial uncertainty in Greece.",-0.6705,0.073,0.176,0.75
2015-03-18,FOMCminutes20150318.txt,"While GDP growth stepped down in several economies, including Canada and China, it picked up in the euro area, Japan, and Mexico.",0.3818,0.11,0.0,0.89
2015-03-18,FOMCminutes20150318.txt,Indicators for the first quarter suggested continued firming in the euro area and further slowing in China and Canada.,0.0,0.0,0.0,1.0
2015-03-18,FOMCminutes20150318.txt,"Many central banks took steps to ease monetary policy during the period, including the European Central Bank (ECB), which began purchasing sovereign bonds under its public sector purchase program (PSPP), and the People's Bank of China, which lowered required reserve ratios for banks.",0.25,0.056,0.033,0.911
2015-03-18,FOMCminutes20150318.txt,"Participants pointed to a number of risks to the international economic outlook, including the slowdown in growth in China, fiscal and financial problems in Greece, and geopolitical tensions.",-0.5574,0.117,0.225,0.659
2015-04-29,FOMCminutes20150429.txt,"Imports of all major categories of goods moved lower as imports from several major trading partners--including Canada, China, Japan, and Korea--registered declines.",-0.296,0.0,0.095,0.905
2015-04-29,FOMCminutes20150429.txt,"The reduction in exports was largest for durable goods and industrial supplies, with exports to Canada and China accounting for most of the drop.",-0.3321,0.0,0.093,0.907
2015-04-29,FOMCminutes20150429.txt,"In emerging market economies, real GDP growth slowed sharply in China and indicators of activity weakened in Mexico and Brazil, but real GDP growth picked up in some emerging Asian economies.",0.5499,0.149,0.047,0.803
2015-04-29,FOMCminutes20150429.txt,"Equity prices also rose in most emerging market economies, with the stock market in China outperforming.",0.0,0.0,0.0,1.0
2015-04-29,FOMCminutes20150429.txt,"Participants also pointed to a number of risks to the international economic outlook, including the slowdown in growth in China and fiscal and financial problems in Greece.",-0.2263,0.127,0.156,0.717
2015-06-17,FOMCminutes20150617.txt,"In addition, real GDP growth slowed in China and Mexico.",0.3818,0.224,0.0,0.776
2015-06-17,FOMCminutes20150617.txt,Stock prices in Japan and especially in China were the main exceptions.,0.0,0.0,0.0,1.0
2015-06-17,FOMCminutes20150617.txt,"Several mentioned their uncertainty about whether Greece and its official creditors would reach an agreement and about the likely pace of economic growth abroad, particularly in China and other emerging market economies.",0.5423,0.185,0.064,0.751
2015-07-29,FOMCminutes20150729.txt,"By contrast, second-quarter economic growth was strong in China and in the United Kingdom, and euro-area indicators were consistent with continued moderate economic expansion.",0.8271,0.293,0.0,0.707
2015-07-29,FOMCminutes20150729.txt,"In China, stock prices fell substantially, prompting a number of policy and regulatory actions by Chinese officials to support the stock market.",0.507,0.184,0.0,0.816
2015-07-29,FOMCminutes20150729.txt,"While these developments attracted investor attention, reaction in asset markets outside Greece and China was limited on balance.",0.5267,0.239,0.086,0.676
2015-07-29,FOMCminutes20150729.txt,"The effect of financial stresses related to Greece and China on the largest U.S. financial firms was limited to date, perhaps reflecting the relatively strong financial positions and low direct exposures among such firms and a view among market participants that foreign authorities would take actions to stem spillovers.",-0.4019,0.061,0.129,0.81
2015-07-29,FOMCminutes20150729.txt,"Overall, most contacts viewed the recent slowdown in manufacturing as likely to prove temporary and remained optimistic about future demand, even though the recent decreases in oil prices and the possibility of adverse spillovers from slower economic growth in China raised some concerns.",0.2263,0.102,0.084,0.814
2015-07-29,FOMCminutes20150729.txt,"While the recent Chinese stock market decline seemed to have had limited implications to date for the growth outlook in China, several participants noted that a material slowdown in Chinese economic activity could pose risks to the U.S. economic outlook.",-0.1027,0.061,0.094,0.845
2015-09-17,FOMCminutes20150917.txt,"However, recent indicators for some other countries, most notably China, were subdued.",0.0,0.0,0.0,1.0
2015-09-17,FOMCminutes20150917.txt,"Staff Review of the Financial Situation Although U.S. economic data releases generally met market expectations, domestic financial conditions tightened modestly as concerns about prospects for global economic growth, centered on China, prompted an increase in financial market volatility and a deterioration in risk sentiment during the intermeeting period.",0.6124,0.136,0.04,0.824
2015-09-17,FOMCminutes20150917.txt,"The dollar also strongly appreciated against the currencies of most emerging market economies, as most Asian currencies weakened against the dollar following a depreciation of the Chinese renminbi, and as the currencies of commodity exporters fell along with declining commodity prices.",0.4284,0.12,0.057,0.823
2015-09-17,FOMCminutes20150917.txt,A material slowdown in economic growth in China and potential adverse spillovers to other economies were likely to depress U.S. net exports to some extent.,-0.4767,0.089,0.195,0.717
2015-09-17,FOMCminutes20150917.txt,"In addition, concerns associated with developments in China and other emerging market economies had contributed to a further appreciation of the dollar and declines in prices of oil and other commodities, which were likely to hold down U.S. consumer price inflation in the near term.",0.5106,0.071,0.0,0.929
2015-09-17,FOMCminutes20150917.txt,Members noted that recent global and financial market developments might restrain economic activity somewhat as a result of the higher level of the dollar and possible effects of slower economic growth in China and in a number of emerging market and commodity-producing economies.,0.4404,0.091,0.0,0.909
2015-10-28,FOMCminutes20151028.txt,"Chinese real GDP growth remained around 7 percent on a four-quarter change basis, and information on economic activity in the euro area and the United Kingdom was consistent with continued expansion.",0.6597,0.167,0.0,0.833
2015-10-28,FOMCminutes20151028.txt,"These declines subsequently were reversed, and foreign equity price indexes ended the period higher, pushed up by expectations of additional monetary policy accommodation in major foreign economies and some favorable economic indicators in China.",0.4767,0.086,0.0,0.914
2015-12-16,FOMCminutes20151216.txt,"Recent indicators for economic activity in China were relatively favorable, and several other emerging Asian economies strengthened in the third quarter.",0.7096,0.237,0.0,0.763
2015-12-16,FOMCminutes20151216.txt,"However, participants cited a number of lingering concerns, including the possibility that further dollar appreciation and persistent weakness in commodity prices could increase the stress on emerging market economies and that China could find it difficult to navigate the cyclical and structural changes under way in its economy.",-0.296,0.123,0.145,0.732
2016-01-27,FOMCminutes20160127.txt,"Economic growth slowed slightly in China but remained robust, supported by a modest pickup in growth of Chinese manufacturing output.",0.882,0.429,0.0,0.571
2016-01-27,FOMCminutes20160127.txt,"Staff Review of the Financial Situation Domestic financial conditions tightened over the intermeeting period, as turmoil in Chinese financial markets and lower oil prices contributed to concerns about pros-pects for global economic growth and a pullback from risky assets.",-0.296,0.098,0.148,0.753
2016-01-27,FOMCminutes20160127.txt,"Global financial market conditions deteriorated sharply in January, as recent developments in Chinese financial markets and the further decrease in crude oil prices appeared to increase concerns about global economic growth.",0.0516,0.134,0.101,0.765
2016-01-27,FOMCminutes20160127.txt,"Regarding the foreign economic outlook, it was noted that the slowdown in China's industrial sector and the decline in global commodity prices could restrain economic activity in the EMEs and other commodity-producing countries for some time.",0.0,0.0,0.0,1.0
2016-01-27,FOMCminutes20160127.txt,"Participants discussed recent developments in China, including the possibility that structural changes and financial imbalances in the Chinese economy might lead to a sharper deceleration in economic growth in that country than was generally anticipated.",0.3818,0.073,0.0,0.927
2016-01-27,FOMCminutes20160127.txt,"Moreover, global financial markets could continue to be affected by uncertainty about China's exchange rate regime.",-0.4588,0.0,0.222,0.778
2016-01-27,FOMCminutes20160127.txt,"While the exposure of the United States to the Chinese economy through direct trade ties was limited, a number of participants were concerned about the potential drag on the U.S. economy from the broader effects of a greater-than-expected slowdown in China and other EMEs.",0.0772,0.089,0.083,0.828
2016-01-27,FOMCminutes20160127.txt,"Participants mentioned several apparent factors underlying the recent financial market turbulence, including economic and financial developments in China and other foreign countries, spillovers in financial markets from stresses at firms and in countries that are producers of energy and other commodities, and an increase in concerns among market participants regarding the prospects for domestic economic growth.",0.6369,0.146,0.047,0.807
2016-03-16,FOMCminutes20160316.txt,Indicators pointed to a pickup in growth in most foreign economies in the current quarter but to a further softening of growth in China.,0.6369,0.206,0.0,0.794
2016-03-16,FOMCminutes20160316.txt,"In contrast, inflation rose in China because of a rebound in local food prices, while inflation in much of South America remained elevated, reflecting weaker currencies.",-0.4404,0.0,0.108,0.892
2016-03-16,FOMCminutes20160316.txt,"A couple of participants commented that emerging market economies faced an extended period of less rapid export growth, reflecting slower economic growth in many advanced foreign economies and in China.",0.6881,0.204,0.0,0.796
2016-04-27,FOMCminutes20160427.txt,"In contrast, economic growth in China moderated in the first quarter, although economic indicators in March were more upbeat than in the earlier months of the year.",0.3818,0.091,0.0,0.909
2016-04-27,FOMCminutes20160427.txt,"By contrast, overall inflation in emerging market economies (EMEs) rose in the first quarter, largely reflecting increases in inflation in much of Latin America along with an increase in inflation in China that was driven by higher food prices.",0.3182,0.057,0.0,0.943
2016-04-27,FOMCminutes20160427.txt,Some participants noted that global financial markets could be sensitive to the upcoming British referendum on membership in the European Union or to unanticipated developments associated with China's management of its exchange rate.,0.0,0.0,0.0,1.0
2016-04-27,FOMCminutes20160427.txt,"In addition, the recent depreciation of the dollar and indications of a rebound of economic growth in China appeared to reduce pressures on the renminbi.",0.0772,0.097,0.086,0.818
2016-04-27,FOMCminutes20160427.txt,"More broadly, signs of a pickup in growth in economic activity in some AFEs and emerging Asian economies other than China also appeared to contribute to the improvement in sentiment in financial markets.",0.6808,0.157,0.0,0.843
2016-06-15,FOMCminutes20160615.txt,"In contrast, indicators for emerging Asia, including China, suggested that economic growth picked up in the second quarter.",0.3818,0.133,0.0,0.867
2016-06-15,FOMCminutes20160615.txt,Some also noted that continued uncertainty regarding the outlook for China's foreign exchange policy and the relatively high levels of debt in China and some other EMEs represented appreciable risks to global financial stability and economic performance.,-0.7184,0.0,0.171,0.829
2016-07-27,FOMCminutes20160727.txt,"In the emerging market economies (EMEs), a pickup in growth in China in the second quarter, supported by policy stimulus, appeared to be more than offset by slower growth in Latin America.",0.7579,0.211,0.0,0.789
2016-07-27,FOMCminutes20160727.txt,"Although the Chinese renminbi depreciated against both the U.S. dollar and the broader currency basket referenced by the Chinese government, this development elicited little market reaction.",0.0,0.0,0.0,1.0
2016-07-27,FOMCminutes20160727.txt,"In addition to the situation in Europe, some participants continued to see a number of other downside risks to the medium-term economic and financial outlook from abroad, including weakness in the global economy more broadly, uncertainty about the outlook for China's foreign exchange policy, and the implications of China's run-up in debt to support its economy.",-0.7951,0.062,0.188,0.749
2016-09-21,FOMCminutes20160921.txt,"However, weaker investment readings pointed to a slight moderation of economic activity in China in the third quarter.",-0.4404,0.0,0.153,0.847
2016-11-02,FOMCminutes20161102.txt,The improvements in these economies more than offset some moderation of growth in China.,0.5994,0.29,0.0,0.71
2016-11-02,FOMCminutes20161102.txt,"Some participants observed that important international downside risks remained, including constraints on monetary policies in the low interest rate environments of some countries; investors' concerns about developments potentially affecting profitability in the European banking sector; the possible consequences of upcoming negotiations and eventual terms of the United Kingdom's exit from the EU; potential deleterious effects from rapid credit growth in China; and the potential for further dollar appreciation, which could restrain U.S. inflation for a considerable time.",0.9001,0.201,0.069,0.73
2016-12-14,FOMCminutes20161214.txt,"Economic growth also appeared to slow after its uptick in the third quarter in the emerging market economies (EMEs), as indicators for Mexico suggested a return to a more sustainable pace of economic growth and as investment decelerated in China.",0.6369,0.126,0.0,0.874
2016-12-14,FOMCminutes20161214.txt,"Inflation in the EMEs also moved up, driven largely by a rebound in Chinese food prices and, in some countries, by the effects of currency depreciation.",0.0,0.0,0.0,1.0
2017-02-01,FOMCminutes20170201.txt,"In the emerging market economies (EMEs), GDP growth remained robust in China but slowed elsewhere in the Asian EMEs and in Mexico, while the pace of economic contraction appeared to lessen in South America.",0.3612,0.099,0.0,0.901
2017-03-15,FOMCminutes20170315.txt,"Among the emerging market economies (EMEs), inflation rose in Mexico, in part reflecting a substantial hike in fuel prices, but fell in China and parts of South America.",0.1027,0.051,0.0,0.949
2017-03-15,FOMCminutes20170315.txt,"Participants generally viewed the downside risks associated with the global economic outlook, particularly those related to the economic situation in China and Europe, as having diminished over recent months.",-0.4767,0.0,0.132,0.868
2017-05-03,FOMCminutes20170503.txt,"In the emerging market economies (EMEs), growth picked up in China and some Asian economies in the first quarter but slowed moderately in Mexico.",0.2023,0.073,0.0,0.927
2017-05-03,FOMCminutes20170503.txt,"In the EMEs, inflation fell in China in the first quarter, reflecting a sharp drop in food prices, but was pushed up in Mexico by fuel price hikes and pass-through from past currency depreciation.",-0.1406,0.0,0.046,0.954
2017-06-14,FOMCminutes20170614.txt,The economic expansions in Canada and the euro area as well as in China and many other emerging market economies (EMEs) continued to firm in the first quarter.,0.2732,0.072,0.0,0.928
2017-06-14,FOMCminutes20170614.txt,"Among the EMEs, inflation in China rose while inflation in Latin America fell.",0.0,0.0,0.0,1.0
2017-07-26,FOMCminutes20170726.txt,"The pickup in advanced-economy demand also contributed to relatively strong growth in China and emerging Asia, but growth in Latin America remained relatively weak, partly reflecting tight monetary and fiscal policies.",0.3071,0.191,0.133,0.676
2017-09-20,FOMCminutes20170920.txt,"Recent indicators from the emerging market economies (EMEs) also pointed to continued strong economic growth, notwithstanding some slowing in the rate of expansion of activity in China.",0.7096,0.191,0.0,0.809
2017-09-20,FOMCminutes20170920.txt,"The broad index of the foreign exchange value of the dollar decreased 1-1/2 percent; the decline was widespread, led by the strengthening of the euro and the Chinese renminbi.",0.6808,0.172,0.0,0.828
2018-01-31,FOMCminutes20180131.txt,Economic growth remained solid in China but cooled off a bit in some emerging Asian economies after a very strong third-quarter performance.,0.7899,0.32,0.0,0.68
2018-05-02,FOMCminutes20180502.txt,"Real GDP growth picked up in the first quarter in several emerging market economies (EMEs), including Mexico, China, and some other parts of emerging Asia.",0.3818,0.098,0.0,0.902
2018-05-02,FOMCminutes20180502.txt,"Equity prices declined early in the intermeeting period, reportedly in response to trade tensions between the United States and China as well as negative news about the technology sector.",-0.3612,0.135,0.176,0.689
2018-05-02,FOMCminutes20180502.txt,"Foreign equity markets were mixed over the intermeeting period, with investors attuned to developments related to U.S. and Chinese trade policies and to news about the U.S. technology sector.",0.0,0.0,0.0,1.0
2018-05-02,FOMCminutes20180502.txt,"It was noted that the potential for higher Chinese tariffs on key agricultural products could, in the longer run, hurt U.S. competitiveness.",-0.5267,0.0,0.139,0.861
2018-06-13,FOMCminutes20180613.txt,"Real GDP growth picked up in the first quarter in several EMEs--including Mexico, China, and much of emerging Asia--al-though recent indicators pointed to some moderation in the pace of activity in most EMEs.",0.3818,0.075,0.0,0.925
2018-08-01,FOMCminutes20180801.txt,Escalating trade tensions contributed to an unusually sharp depreciation of the Chinese renminbi.,-0.4019,0.0,0.184,0.816
2018-08-01,FOMCminutes20180801.txt,"On net, equity prices were little changed in the AFEs, while they declined in the EMEs, led largely by a steep drop in China.",-0.2732,0.0,0.087,0.913
2018-09-26,FOMCminutes20180926.txt,"Trade tensions weighed on foreign equity prices, as the United States continued its trade negotiations with Canada and placed additional tariffs on Chinese products.",0.0258,0.102,0.098,0.8
2018-09-26,FOMCminutes20180926.txt,"However, concerns about economic prospects abroad--particularly with respect to trade policy and China--appeared to weigh on stocks in the energy and basic materials sectors, which declined.",0.7506,0.243,0.0,0.757
2018-09-26,FOMCminutes20180926.txt,"The projection for the medium term was not materially changed, in part because the recently enacted tariffs on Chinese goods and the retaliatory actions of China were judged to have only a small net effect on U.S. real GDP growth over the next few years.",0.3818,0.057,0.0,0.943
2018-09-26,FOMCminutes20180926.txt,"Contacts in the agricultural industry reported that tariffs imposed by China had resulted in lower crop prices, further depressing incomes in that sector, although a new federal program was expected to offset some income losses.",-0.7783,0.0,0.227,0.773
2018-11-08,FOMCminutes20181108.txt,"Foreign economic growth appeared to pick up in the third quarter, as a strong rebound in economic activity in several emerging market economies (EMEs) more than offset a slowdown in China and most advanced foreign economies (AFEs).",0.8016,0.204,0.0,0.796
2018-11-08,FOMCminutes20181108.txt,"In contrast, GDP growth slowed in China and the euro area, and indicators pointed to a step-down in Japanese growth.",0.6369,0.234,0.0,0.766
2018-11-08,FOMCminutes20181108.txt,"Foreign inflation picked up in the third quarter, boosted by higher oil prices and, in China, by higher food prices.",0.3612,0.116,0.0,0.884
2018-11-08,FOMCminutes20181108.txt,"Stock prices in the basic materials and industrial sectors underperformed the broader market, reportedly reflecting an increase in trade tensions with China.",-0.1027,0.092,0.108,0.8
2018-11-08,FOMCminutes20181108.txt,"Over the intermeeting period, global investors focused on changes in U.S. equity prices and interest rates, ongoing trade tensions between the United States and China, and uncertainty regarding budget negotiations between the Italian government and the European Union.",0.5106,0.181,0.11,0.71
2018-12-19,FOMCminutes20181219.txt,"Among EMEs, growth in Mexico and Brazil bounced back from transitory second-quarter weakness, more than offsetting a slowdown in China and India.",-0.0516,0.107,0.115,0.779
2018-12-19,FOMCminutes20181219.txt,"Investor perceptions of increased downside risks to the outlooks for domestic and foreign economic growth, including growing concerns over trade frictions between the United States and China, reportedly weighed on yields.",0.6249,0.24,0.107,0.653
2018-12-19,FOMCminutes20181219.txt,"Over the intermeeting period, foreign financial markets were affected by perceived increases in downside risks to the global growth outlook and ongoing uncertainty about trade relations between the United States and China.",-0.1779,0.137,0.205,0.658
2019-01-30,FOMCminutes20190130.txt,"The Chinese economy expanded at a slower pace than earlier in the year amid notable weakness in household spending, and Chinese imports from other emerging Asian economies turned down.",-0.4215,0.0,0.094,0.906
2019-01-30,FOMCminutes20190130.txt,"Concerns about the economic outlook were variously attributed to uncertainty or worries about slowing global economic growth, including in Europe and China; trade policy; waning fiscal policy stimulus; and the partial government shutdown.",-0.3818,0.069,0.138,0.794
2019-01-30,FOMCminutes20190130.txt,"Participants noted that some risks to the downside had increased, including the possibilities of a sharper-than-expected slowdown in global economic growth, particularly in China and Europe, a rapid waning of fiscal policy stimulus, or a further tightening of financial market conditions.",0.1531,0.11,0.096,0.794
2019-01-30,FOMCminutes20190130.txt,"Furthermore, a patient posture would allow time for a clearer picture of the international trade policy situation and the state of the global economy to emerge and, in particular, could allow policymakers to reach a firmer judgment about the extent and persistence of the economic slowdown in Europe and China.",0.4404,0.1,0.0,0.9
2019-03-20,FOMCminutes20190320.txt,"This development reflected slowing in the Canadian economy and some emerging market economies (EMEs), including Brazil and Mexico, along with continued economic weakness in the euro area and China.",-0.4215,0.0,0.091,0.909
2019-03-20,FOMCminutes20190320.txt,"Economic activity also remained weak in many EMEs, particularly in Mexico and emerging Asia excluding China, al­though some data pointed to a modest pickup in China.",-0.4404,0.0,0.108,0.892
2019-03-20,FOMCminutes20190320.txt,Market participants cited accommodative monetary policy communications and optimism for a trade deal between the United States and China as factors that contributed to the improvement.,0.8519,0.297,0.0,0.703
2019-03-20,FOMCminutes20190320.txt,Improved prospects for a trade deal between the United States and China and accommodative monetary policy were cited as driving factors that outweighed weaker-than-expected announcements of corporate earnings for the fourth quarter of 2018 and earnings projections for 2019.,0.7964,0.188,0.0,0.812
2019-03-20,FOMCminutes20190320.txt,"Consistent with reports about a potential trade deal, stock prices of firms with greater exposure to China generally outperformed the S&P 500 index.",0.3612,0.106,0.0,0.894
2019-03-20,FOMCminutes20190320.txt,"Communications by major central banks, which were, on net, more accommodative than expected, along with optimism regarding trade negotiations between the United States and China, contributed to the upward price moves and more than offset the effects of continued concerns about foreign economic growth.",0.836,0.178,0.0,0.822
2019-03-20,FOMCminutes20190320.txt,"Other downside risks included the possibility of sizable spillovers from a greater-than-expected economic slowdown in Europe and China, persistence of the softness in spending, or a sharp falloff in fiscal stimulus.",-0.4767,0.0,0.132,0.868
2019-05-01,FOMCminutes20190501.txt,"Among the emerging market economies (EMEs), real GDP contracted in South Korea and Mexico, but activity in China strengthened, supported by tax cuts and the easing of credit conditions.",0.8674,0.319,0.071,0.61
2019-05-01,FOMCminutes20190501.txt,Market participants cited more accommodative than expected monetary policy communications coupled with strong U.S. and Chinese data releases and positive sentiment about trade negotiations between the United States and China as factors that contributed to these developments.,0.8658,0.222,0.0,0.778
2019-05-01,FOMCminutes20190501.txt,These factors reportedly outweighed stronger-than-expected economic data releases for the United States and China and optimism related to trade negotiations between the two countries later in the period.,0.743,0.195,0.0,0.805
2019-05-01,FOMCminutes20190501.txt,"Foreign equity prices increased, on balance, amid optimism around trade negotiations between the United States and China, stronger-than-expected Chinese data, and accommodative communications from some foreign central banks.",0.8126,0.251,0.0,0.749
2019-05-01,FOMCminutes20190501.txt,"Some participants viewed risks to the downside for real GDP growth as having decreased, partly because prospects for a sharp slowdown in global economic growth, particularly in China and Europe, had diminished.",0.4627,0.191,0.11,0.699
2019-06-19,FOMCminutes20190619.txt,"Growth in the foreign economies remained subdued in the first quarter, as soft growth in the Canadian economy and weakness in several emerging market economies (EMEs) offset somewhat stronger growth in other advanced foreign economies (AFEs) and in China's economy.",0.8078,0.248,0.057,0.695
2019-06-19,FOMCminutes20190619.txt,Economic growth also appeared to have slowed in China.,0.3818,0.245,0.0,0.755
2019-06-19,FOMCminutes20190619.txt,"Longer-term Treasury yields fell considerably over the period, with the declines driven primarily by negative headlines about trade tensions between the United States and two major trading partners, China and Mexico.",-0.4215,0.121,0.168,0.711
2019-06-19,FOMCminutes20190619.txt,"Equity prices fell notably over the first few weeks of the period, primarily in response to the escalation of trade tensions with China and Mexico.",-0.4019,0.0,0.101,0.899
2019-06-19,FOMCminutes20190619.txt,"Firms with high China exposure and those in cyclical sectorsâsuch as energy, information technology, industrials, communication services, and banksâposted particularly large losses.",-0.2212,0.084,0.119,0.798
2019-06-19,FOMCminutes20190619.txt,Increased trade tensions contributed to some depreciation of the Chinese renminbi.,-0.1531,0.152,0.196,0.652
2019-07-31,FOMCminutes20190731.txt,"Similarly, in China, real GDP growth slowed notably in the second quarter after a first-quarter jump.",0.3818,0.157,0.0,0.843
2019-07-31,FOMCminutes20190731.txt,"However, participants also observed that global economic growth had been disappointing, especially in China and the euro area, and that trade policy uncertainty, al­though waning some over the intermeeting period, remained elevated and looked likely to persist.",-0.4588,0.062,0.133,0.806
2019-07-31,FOMCminutes20190731.txt,"Some participants observed that trade uncertainties had receded somewhat, especially with the easing of trade tensions with Mexico and China.",-0.4284,0.093,0.209,0.698
2019-07-31,FOMCminutes20190731.txt,The agreement between the United States and China to resume negotiations appeared to ease trade tensions somewhat.,0.7003,0.351,0.112,0.537
2019-09-18,FOMCminutes20190918.txt,Growth also slowed in China and India.,0.3818,0.302,0.0,0.698
2019-09-18,FOMCminutes20190918.txt,"Nominal Treasury yields posted very large declines in August as investors reacted to the U.S. Administration's announcement of additional tariffs on Chinese goods, along with the depreciation of the Chinese renminbi through the perceived threshold of 7 renminbi per U.S. dollar and the associated implications of these actions for the global economic outlook.",0.2023,0.034,0.0,0.966
2019-09-18,FOMCminutes20190918.txt,"Measures of expectations of the near- and medium-term path for the federal funds rate were particularly sensitive to news about U.S.âChina trade tensions, while FOMC communications had only modest effects on market-based measures of policy rate expectations.",-0.4019,0.0,0.07,0.93
2019-09-18,FOMCminutes20190918.txt,"The escalation of trade tensions between China and the United States weighed on equity prices, but investors' expectations that major central banks would shift toward more accommodative monetary policies provided some support.",0.5574,0.15,0.051,0.799
2019-09-18,FOMCminutes20190918.txt,"Stock prices of firms with high exposure to China underperformed the broader market somewhat, as did bank stocks amid downward revisions to banks' earnings forecasts.",0.0,0.0,0.0,1.0
2019-09-18,FOMCminutes20190918.txt,"Early in the intermeeting period, bond yields in the advanced foreign economies (AFEs) plunged and foreign equities declined notably following an increase in U.S.âChina trade tensions.",0.1531,0.143,0.09,0.767
2019-09-18,FOMCminutes20190918.txt,"Later in the period, AFE yields partially rebounded and foreign equity prices fully recovered on some easing of U.S.­âChina trade tensions, as well as perceptions of reduced political uncertainty in the United Kingdom and Italy.",0.2023,0.164,0.121,0.714
2019-10-30,FOMCminutes20191030.txt,"Similarly, GDP growth remained subdued in China and several other emerging economies in Asia, and indicators suggested that growth in Latin America also remained weak.",0.3182,0.173,0.096,0.731
2019-10-30,FOMCminutes20191030.txt,"Staff Review of the Financial Situation Investor sentiment weakened over the early part of the intermeeting period, reflecting a few weaker-than-expected domestic data releases, but later strengthened on increased optimism regarding ongoing trade negotiations between the United States and China and positive Brexit news.",0.964,0.338,0.028,0.634
2019-10-30,FOMCminutes20191030.txt,"Incoming data early in the intermeeting periodâparticularly the disappointing readings on business activityâprompted a decline in the market-implied path for the policy rate, but that decline was later partly reversed as market participants apparently grew more optimistic on the prospects for a U.S.âChina trade deal and Brexit negotiations.",0.6236,0.121,0.041,0.838
2019-12-11,FOMCminutes20191211.txt,Recent monthly indicators pointed to a stabilization in the pace of economic growth in China and several advanced foreign economies.,0.5574,0.213,0.0,0.787
2019-12-11,FOMCminutes20191211.txt,Staff Review of the Financial Situation Investor sentiment fluctuated over the intermeeting period largely in response to ongoing trade negotiations between the United States and China.,0.4215,0.101,0.0,0.899
2019-12-11,FOMCminutes20191211.txt,"As in U.S. markets, sentiment in foreign financial markets fluctuated in response to news on U.S.âChina trade negotiations.",0.0,0.0,0.0,1.0
2019-12-11,FOMCminutes20191211.txt,"In particular, there were some tentative signs that trade tensions with China were easing, and the probability of a no-deal Brexit was judged to have lessened further.",-0.1779,0.07,0.094,0.836
2020-01-29,FOMCminutes20200129.txt,"In contrast, early GDP releases showed a pickup in growth in China and some other Asian economies, though news of the coronavirus outbreak raised questions about the sustainability of that pickup.",0.3818,0.082,0.0,0.918
2020-01-29,FOMCminutes20200129.txt,"Foreign inflation rose in the wake of temporary factors in India and China, while it remained soft in most AFEs, in part reflecting previous declines in energy prices and muted core inflation pressures.",-0.0516,0.059,0.065,0.876
2020-01-29,FOMCminutes20200129.txt,"Staff Review of the Financial Situation Investor sentiment improved, on balance, over the intermeeting period, mostly reflecting progress related to the phase-one trade deal between the United States and China and its subsequent signing, the perception that the probability of a disorderly Brexit had declined, signs of stabilization in the global economic outlook, and, reportedly, continued confidence that monetary policy in the United States and other major economies would remain accommodative in the near term.",0.93,0.177,0.0,0.823
2020-01-29,FOMCminutes20200129.txt,"For most of the intermeeting period, foreign equity prices rose amid progress on U.S.âChina trade negotiations, generally favorable data on global economic activity, and the reduced risk of a disorderly Brexit following the U.K. general election.",0.5859,0.148,0.053,0.8
2020-01-29,FOMCminutes20200129.txt,"Late in the period, however, concerns about the coronavirus outbreak in China weighed on risk sentiment.",-0.2732,0.0,0.123,0.877
2020-01-29,FOMCminutes20200129.txt,"The Chinese renminbi appreciated notably against the dollar on positive trade policy developments, but this gain was more than undone late in the period by concerns about the coronavirus.",0.8735,0.277,0.0,0.723
2020-01-29,FOMCminutes20200129.txt,"In addition, more supportive financial conditions and the anticipated effects of the phase-one trade deal between the United States and China pushed up the staff's GDP forecast for this year and next.",0.6478,0.15,0.0,0.85
2020-01-29,FOMCminutes20200129.txt,"Several other participants, however, judged that the effect of the recent trade agreement with China would be relatively limited, as trade uncertainty would likely remain elevated, with the possibility remaining of the emergence of new tensions as well as the reescalation of existing tensions.",-0.5267,0.1,0.183,0.717
2020-01-29,FOMCminutes20200129.txt,The easing of trade tensions resulting from the recent agreement with China and the passage of the USMCA as well as tentative signs of stabilization in global economic growth helped reduce downside risks and appeared to buoy business sentiment.,0.4767,0.203,0.14,0.657
2020-03-15,FOMCminutes20200315.txt,"In the emerging market economies (EMEs), incoming data had been more positive, as indicators for high-tech and manufacturing production in Asian economies outside of China were upbeat, and the effects of social protests in Chile and Hong Kong, along with the effects of the General Motors strike on Mexican economic activity, had faded.",0.3597,0.068,0.059,0.873
2020-03-15,FOMCminutes20200315.txt,"By early February, however, the coronavirus outbreak in China brought economic activity in many parts of the country to a standstill.",0.0,0.0,0.0,1.0
2020-03-15,FOMCminutes20200315.txt,"Policy actions by Chinese authorities supported the Chinese renminbi, which depreciated about 1.5 percent against the dollar on net.",0.3182,0.113,0.0,0.887
2020-03-15,FOMCminutes20200315.txt,"With regard to supply chains, many contacts had reported that some linkages in China had been restored and that they were able to draw on inventory supplies and on alternative supply chains; however, in some areas of the country, the construction industry had reported continuing disruptions to supply chains from China.",0.0,0.045,0.045,0.911
2020-03-15,FOMCminutes20200315.txt,"However, some encouraging signs had come from China in recent weeks in the form of indications of increasing production and of more purchases of U.S. goods.",0.5267,0.12,0.0,0.88
2020-04-29,FOMCminutes20200429.txt,"In China, where lockdowns were first implemented, real GDP contracted sharply in the first quarter, and Canada, Korea, and Singapore also saw substantial declines.",0.2023,0.073,0.0,0.927
2020-06-10,FOMCminutes20200610.txt,"In China, where restrictions were largely lifted by the end of the first quarter, data pointed to a relatively quick rebound in economic activity in the second quarter.",0.0,0.0,0.0,1.0
2020-06-10,FOMCminutes20200610.txt,"Outside of China, indicators suggested that foreign economic activity plummeted further in the second quarter, notwithstanding some signs of improvement in May as restrictions started to ease.",0.6705,0.18,0.0,0.82
2020-06-10,FOMCminutes20200610.txt,"Staff Review of the Financial Situation Over the intermeeting period, risk sentiment improved, on net, as optimism over reopening the economy, potential coronavirus treatments, the unexpectedly positive May employment situation report, and other indicators that suggest that economic activity may be rebounding more than offset concerns arising from otherwise dire economic data releases, warnings from health experts that openings may have been premature, and renewed tensions between the United States and China.",0.6124,0.149,0.115,0.736
2020-06-10,FOMCminutes20200610.txt,"Further monetary policy and fiscal policy support in foreign countries, the easing of coronavirus-related restrictions, and a stronger-than-expected U.S. May employment report outweighed concerns about otherwise weak global economic data and the resurgence of U.S.âChina tensions.",-0.2263,0.114,0.136,0.751
2020-07-29,FOMCminutes20200729.txt,"In China, where economic activity had collapsed in the first quarter and restrictions were rolled back earlier than elsewhere, the preliminary GDP release showed that the economy bounced back strongly in the second quarter.",0.0,0.058,0.058,0.884
2020-07-29,FOMCminutes20200729.txt,"Financial market sentiment was boosted by better-than-expected economic data for the United States, China, and Europe.",0.6486,0.275,0.0,0.725
2020-07-29,FOMCminutes20200729.txt,A resurgence of geopolitical tensions between the United States and China weighed on investor sentiment late in the period and prompted a partial retracement of earlier gains for the Shanghai Composite Index.,0.3612,0.149,0.077,0.774
2020-09-16,FOMCminutes20200916.txt,"In China, economic indicators showed a continued moderate expansion after a sharp rebound in the second quarter, though gains in consumption continued to lag those in production and exports.",0.0,0.081,0.081,0.839
2020-09-16,FOMCminutes20200916.txt,"In emerging market economies (EMEs), Asian equity markets significantly outperformed Latin American counterparts, with Chinese equities showing particular strength.",0.4939,0.151,0.0,0.849
2020-09-16,FOMCminutes20200916.txt,"The Chinese renminbi was boosted by better-than-expected Chinese economic data and was the most notable contributor to the decline in the staff's trade-weighted dollar index, along with the Mexican peso.",0.3612,0.079,0.0,0.921
2020-09-16,FOMCminutes20200916.txt,"Contacts continued to report ongoing stresses in the energy sector, as well as challenges in the agricultural sector even though some crop prices had risen recently as sales to China increased.",0.3818,0.208,0.082,0.71
2020-11-05,FOMCminutes20201105.txt,"GDP levels, however, generally remained well below their pre-pandemic peaks, with China being a notable exception.",0.2732,0.13,0.0,0.87
2020-11-05,FOMCminutes20201105.txt,"Several Asian currencies, including the Chinese renminbi, the South Korean won, and the Taiwanese dollar, appreciated against the U.S. dollar amid improving growth prospects and low COVID-19 case counts.",0.91,0.368,0.053,0.579
2020-11-05,FOMCminutes20201105.txt,"Contacts reported improved conditions in the agricultural sector, boosted by strong demand from China as well as domestic ethanol production, higher crop prices, and federal aid payments.",0.8591,0.319,0.043,0.638
2021-01-27,FOMCminutes20210127.txt,"The broad dollar index was little changed, on net, over the intermeeting period, while the Chinese renminbi appreciated notably against the dollar as data showed a robust economic recovery in China.",0.6908,0.169,0.0,0.831
2021-03-17,FOMCminutes20210317.txt,"Manufacturing activity continued to generally outperform activity in the services sector, and manufactured exports from China and some other Asian economies remained strong, especially to the United States.",0.7479,0.197,0.0,0.803
2021-07-28,FOMCminutes20210728.txt,"The improvements were concentrated in the advanced foreign economies and China, supported by vaccine rollouts, the unwinding of public health restrictions, economic adaptation to the virus, and the reopening of the services sector.",0.6808,0.18,0.0,0.82
2021-07-28,FOMCminutes20210728.txt,Equity markets in China and Hong Kong underperformed notably amid increased regulatory uncertainty in China.,-0.0772,0.12,0.137,0.743
2021-07-28,FOMCminutes20210728.txt,"In contrast, the People's Bank of China cut the broad reserve requirement ratio for banks to support economic growth.",0.4939,0.226,0.09,0.684
2021-09-22,FOMCminutes20210922.txt,"Concerns over the period about the effects of COVID-19 developments on economic performance and, late in the period, about a heavily indebted Chinese property developer appeared to have only marginal net effects on financial asset prices.",0.3612,0.068,0.0,0.932
2021-09-22,FOMCminutes20210922.txt,"On September 20, stock market prices fell notably and speculative-grade yield spreads widened amid rising concerns about the creditworthiness of a Chinese property developer, but these moves were mostly reversed during the following day, particularly in the stock market.",0.2382,0.05,0.0,0.95
2021-09-22,FOMCminutes20210922.txt,"Concerns about a potential default by a heavily indebted Chinese property developer and risks of a downturn in the Chinese real estate sector intensified later in the period, but effects on broader financial markets were limited.",-0.4404,0.0,0.112,0.888
2021-11-03,FOMCminutes20211103.txt,"Foreign GDP growth slowed modestly in the third quarter, as supply chain disruptions and the resurgence of COVID-19 weighed on production, particularly in China and other emerging market economies (EMEs).",0.0516,0.079,0.073,0.848
2021-11-03,FOMCminutes20211103.txt,"Moreover, Chinese manufacturing output was curtailed by the rationing of electricity amid a coal shortage resulting in part from policies to lower carbon emissions.",-0.4939,0.0,0.167,0.833
2021-11-03,FOMCminutes20211103.txt,"Market concerns about risks of a downturn in the Chinese real estate sector remained elevated, and inflows into funds investing in China slowed, but the effects on broader financial markets were limited.",-0.4404,0.0,0.119,0.881
2021-12-15,FOMCminutes20211215.txt,"A credit agency declared two heavily indebted Chinese property developers to be in ""restricted default,"" hurting asset prices in China's real estate sector, but spillovers to broader financial markets were limited.",-0.3506,0.103,0.174,0.724
2022-01-26,FOMCminutes20220126.txt,"However, the rapid spread of the Omicron variant led to renewed public health restrictions in several countries, particularly in China, and appeared to be weighing on activity at the start of the year.",0.0,0.0,0.0,1.0
2022-01-26,FOMCminutes20220126.txt,"Participants cited several such risks, including the zero-tolerance COVID-19 policy in China that had the potential to further disrupt supply chains, the possibility of geopolitical turmoil that could cause increases in global energy prices or exacerbate global supply shortages, a worsening of the pandemic, persistent real wage growth in excess of productivity growth that could trigger inflationary wageâprice dynamics, or the possibility that longer-term inflation expectations could become unanchored.",0.0516,0.12,0.117,0.763
2022-03-16,FOMCminutes20220316.txt,"Moreover, with COVID-19 cases having fallen in many regions, authorities had already eased restrictions and social mobility had recovered, except in China, where lockdowns were recently reimposed.",-0.0772,0.074,0.084,0.842
2022-03-16,FOMCminutes20220316.txt,"Participants cited several such risks, including ongoing supply bottlenecks and rising energy and commodity prices, both of which were exacerbated by the Russian invasion; recent COVID-related lockdowns in China that had the potential to further disrupt supply chains; and the possibility that longer-run inflation expectations might become unanchored.",0.0,0.042,0.042,0.916
2022-05-04,FOMCminutes20220504.txt,"Chinese data for March and April, however, showed declines in manufacturing and services activity and worsening supply bottlenecks after Chinese authorities locked down Shanghai and other cities to combat the spread of the Omicron variant.",-0.6597,0.0,0.141,0.859
2022-05-04,FOMCminutes20220504.txt,"Prospects of tighter monetary policy and COVID-related lockdowns in China weighed on prices of risky assets, but investor concerns surrounding the economic effects of the war in Ukraine seemed to abate partially.",-0.7003,0.078,0.179,0.743
2022-05-04,FOMCminutes20220504.txt,"Among EM currencies, the dollar appreciated significantly against the Chinese renminbi.",0.5106,0.248,0.0,0.752
2022-05-04,FOMCminutes20220504.txt,"The war in Ukraine was seen as a possible source of even greater upward pressure on energy and commodity prices, while the war and adverse developments associated with rising COVID infections in China were both perceived as increasing the risk that supply chain disruptions and production constraints would be further exacerbated in the United States and abroad.",-0.8625,0.104,0.238,0.658
2022-05-04,FOMCminutes20220504.txt,"In addition, participants judged that COVID-related lockdowns in China were likely to exacerbate supply chain disruptions.",-0.34,0.0,0.138,0.862
2022-05-04,FOMCminutes20220504.txt,"In addition, the invasion of Ukraine by Russia and COVID-related lockdowns in China were seen as likely to exacerbate supply chain disruptions.",-0.34,0.0,0.103,0.897
2022-05-04,FOMCminutes20220504.txt,"In addition, COVID-related lockdowns in China were likely to disrupt global supply chains, potentially adding further upward pressure on the prices paid by U.S. businesses and consumers.",-0.296,0.0,0.078,0.922
2022-05-04,FOMCminutes20220504.txt,"They agreed that risks to inflation were skewed to the upside and cited several such risks, including those associated with ongoing supply bottlenecks and rising energy and commodity pricesâboth of which were exacerbated by the Russian invasion of Ukraine and COVID-related lockdowns in China.",0.0,0.087,0.087,0.826
2022-05-04,FOMCminutes20220504.txt,"Various participants noted downside risks to the outlook, including risks associated with the Russian invasion and COVID-related lockdowns in China and the likelihood of a prolonged rise in energy and commodity prices.",-0.4767,0.059,0.176,0.765
2022-05-04,FOMCminutes20220504.txt,Participants observed that developments associated with Russia's invasion of Ukraine and the COVID-related lockdowns in China posed heightened risks for both the United States and economies around the world.,0.1779,0.088,0.066,0.846
2022-05-04,FOMCminutes20220504.txt,Members also agreed that COVID-related lockdowns in China were likely to exacerbate supply chain disruptions.,-0.0772,0.12,0.137,0.743
2022-05-04,FOMCminutes20220504.txt,"In addition, COVID-related lockdowns in China are likely to exacerbate supply chain disruptions.",-0.34,0.0,0.167,0.833
2022-06-15,FOMCminutes20220615.txt,Incoming data suggested that the global reverberations from lockdown measures to deal with the spread of the COVID-19 virus in China and the Russian invasion of Ukraine slowed foreign economic growth.,0.3818,0.08,0.0,0.92
2022-06-15,FOMCminutes20220615.txt,"In China, activity indicators pointed to a sizable restraint on economic activity.",0.0,0.0,0.0,1.0
2022-06-15,FOMCminutes20220615.txt,"The staff judged that the ongoing war in Ukraine remained a possible source of even greater upward pressure on energy and commodity prices, while the war and adverse developments associated with China's zero-COVID policy were both perceived as increasing the risk that supply chain disruptions and production constraints would be further exacerbated in the United States and abroad.",-0.8625,0.102,0.235,0.663
2022-06-15,FOMCminutes20220615.txt,"In addition, participants indicated that COVID-related lockdowns in China were likely to exacerbate supply chain disruptions.",-0.34,0.0,0.138,0.862
2022-06-15,FOMCminutes20220615.txt,Downside risks included the possibility that a further tightening in financial conditions would have a larger negative effect on economic activity than anticipated as well as the possibilities that the Russian invasion of Ukraine and the COVID-related lockdowns in China would have larger-than-expected effects on economic growth.,-0.4767,0.09,0.149,0.762
2022-06-15,FOMCminutes20220615.txt,"Participants remarked that developments associated with Russia's invasion of Ukraine, the COVID-related lockdowns in China, and other factors restraining supply conditions would affect the inflation outlook and that it would likely take some time for inflation to move down to the Committee's 2 percent objective.",0.0,0.0,0.0,1.0
2022-06-15,FOMCminutes20220615.txt,Members also agreed that COVID-related lockdowns in China were likely to exacerbate supply chain disruptions.,-0.0772,0.12,0.137,0.743
2022-06-15,FOMCminutes20220615.txt,"In addition, COVID-related lockdowns in China are likely to exacerbate supply chain disruptions.",-0.34,0.0,0.167,0.833
2022-07-27,FOMCminutes20220727.txt,"Foreign economic growth slowed notably in the second quarter, as COVID-19-related lockdowns led to a sharp contraction in China and Russia's war against Ukraine took a toll on foreign activity, especially in Europe.",-0.3182,0.073,0.11,0.817
2022-07-27,FOMCminutes20220727.txt,Indicators for June showed the Chinese economy rebounding as the lockdowns were eased.,0.296,0.155,0.0,0.845
2022-07-27,FOMCminutes20220727.txt,"Amid evidence that COVID-related lockdowns in China had generally been lifted and had affected supply chains only modestly, members generally considered it appropriate to omit from the July statement the sentence that appeared in the June statement indicating that these lockdowns were likely to exacerbate supply chain disruptions.",-0.4019,0.026,0.08,0.895
2022-09-21,FOMCminutes20220921.txt,"Data pointed to weak foreign growth in recent months, weighed down by the global reverberations from Russia's war against Ukraine and a loss of momentum in the Chinese economy.",-0.7579,0.073,0.255,0.672
2022-09-21,FOMCminutes20220921.txt,"In China, recent indicators suggest only a partial rebound from the effects of earlier severe COVID-19-related lockdowns as well as increasing concerns about the property sector.",-0.128,0.076,0.094,0.83
2022-09-21,FOMCminutes20220921.txt,Weaker growth in China and the broader global economy also weighed on export-oriented emerging market economies in Asia.,-0.0772,0.121,0.135,0.744
2022-09-21,FOMCminutes20220921.txt,"These global headwinds included heightened risk of recession in Europe, a slowdown in economic activity occurring in China, and the ongoing global economic implications of Russia's war against Ukraine.",-0.8316,0.0,0.26,0.74
2022-11-02,FOMCminutes20221102.txt,"Data pointed to weakening foreign economic activity in recent months, weighed down by the economic fallout of Russia's war against Ukraine, headwinds in China, and tighter financial conditions.",-0.7351,0.0,0.193,0.807
2022-11-02,FOMCminutes20221102.txt,"In China, data indicated weaker momentum in economic activity and a further deterioration in the property market.",-0.4404,0.0,0.162,0.838
2022-11-02,FOMCminutes20221102.txt,The Chinese renminbi depreciated significantly against the dollar as continuation of the zero-COVID policy and increased investor concerns about longer-term growth prospects weighed on the currency.,0.7096,0.231,0.0,0.769
2022-11-02,FOMCminutes20221102.txt,These global headwinds included a slowdown in economic activity occurring in China and the ongoing international economic implications of Russia's war against Ukraine.,-0.5994,0.0,0.157,0.843
2022-12-14,FOMCminutes20221214.txt,"Foreign economic activity grew at a moderate pace in the third quarter, but more recent data pointed to weakening growth, weighed down by the economic fallout of Russia's war against Ukraine and a COVID-19-related slowdown in China.",-0.7096,0.078,0.19,0.732
2022-12-14,FOMCminutes20221214.txt,"In China, authorities began to ease social restrictions even as COVID cases surged, raising the prospect of significant disruptions to economic activity in the near term, but also a faster reopening.",0.2617,0.146,0.052,0.801
2022-12-14,FOMCminutes20221214.txt,"Investors reacted positively to news of an easing of COVID restrictions in China, which drove risky asset prices significantly higher despite near-term challenges associated with the health policy shift.",0.7076,0.226,0.087,0.687
2022-12-14,FOMCminutes20221214.txt,Option-implied volatility measures for exchange rates and benchmark foreign yields declined but remained elevated by historical norms amid a high degree of uncertainty around global inflation and the prospects for a reopening of the Chinese economy.,-0.0772,0.074,0.082,0.844
2022-12-14,FOMCminutes20221214.txt,"Participants saw a number of uncertainties surrounding the outlook for inflation stemming from factors abroad, such as China's relaxation of its zero-COVID policies, Russia's continuing war against Ukraine, and effects of synchronous policy firming by major central banks.",-0.3818,0.107,0.143,0.75
2023-02-01,FOMCminutes20230201.txt,"Foreign economic growth slowed in the fourth quarter, weighed down by the COVID-19-related slowdown in China and repercussions of Russia's war against Ukraine.",-0.3182,0.095,0.142,0.764
2023-02-01,FOMCminutes20230201.txt,"In China, the pivot away from its zero-COVID policy appears to have resulted in a rapid surge in virus cases late in the year, but also in a rebound in activity as restrictions were rapidly removed.",0.0,0.0,0.0,1.0
2023-02-01,FOMCminutes20230201.txt,"Over the intermeeting period, investor perceptions of an improved economic outlook in China and Europe contributed to increases in foreign risky asset prices and weighed on the exchange value of the dollar.",0.7351,0.212,0.048,0.741
2023-02-01,FOMCminutes20230201.txt,"Global equity indexes rose, supported in part by lower European natural gas prices and China's decision to abandon its zero-COVID policy.",-0.0772,0.178,0.19,0.632
2023-02-01,FOMCminutes20230201.txt,Some participants commented that the easing of COVID-related lockdown restrictions in China or stronger-than-expected growth in economic activity in the euro area could provide support to final demand in the United States.,0.8225,0.262,0.039,0.699
2023-02-01,FOMCminutes20230201.txt,"Participants also saw a number of upside risks surrounding the outlook for inflation stemming from factors abroad, such as China's relaxation of its zero-COVID policies and Russia's continuing war against Ukraine.",-0.3182,0.128,0.163,0.708
2023-03-22,FOMCminutes20230322.txt,Indicators suggested that foreign economic growth rebounded in the first quarter of 2023 as China reopened rapidly from its COVID-19-related shutdowns and Europe's economy proved to be resilient to the energy price shock stemming from Russia's war against Ukraine and benefited from a mild winter that reduced energy demand.,-0.296,0.12,0.141,0.739
2023-03-22,FOMCminutes20230322.txt,Oil prices edged down despite China's rapid reopening and the implementation of the European Union's embargo on Russian refined oil products.,0.0,0.0,0.0,1.0
2023-05-03,FOMCminutes20230503.txt,"Foreign economic activity rebounded in the first quarter, reflecting the reopening of China's economy from its COVID-19-related shutdowns, a pickup in the economies of Canada and Mexico, and the resilience of Europe's economy to the energy price shock from Russia's war on Ukraine; a mild winter also helped reduce energy demand in Europe.",-0.5859,0.072,0.137,0.79
2023-06-14,FOMCminutes20230614.txt,"Foreign economic growth rebounded in the first quarter, reflecting in part the reopening of China's economy from its COVID-19-related shutdowns and strong services-sector activity in other Asian countries, Canada, and Mexico.",0.7096,0.169,0.0,0.831
2023-06-14,FOMCminutes20230614.txt,"Indicators pointed to a step-down in the pace of foreign economic growth in the second quarter, with the impetus from China's reopening dissipating and global manufacturing activity remaining weak.",-0.0772,0.083,0.092,0.825
2023-06-14,FOMCminutes20230614.txt,"The staff's trade-weighted broad dollar index was also little changed, on net, but the exchange value of the dollar appreciated significantly against the Chinese renminbi amid increased investor concerns over China's economic growth prospects.",0.9468,0.361,0.0,0.639
2023-07-26,FOMCminutes20230726.txt,"Indicators of economic activity, such as purchasing managers indexes (PMIs), pointed to a step-down in the pace of foreign growth in the second quarter, reflecting fading of the impetus from China's reopening, continued anemic growth in Europe, some weakening of activity in Canada and Mexico, as well as weak external demand and the slump in the high-tech industry weighing on many Asian economies.",0.1531,0.104,0.096,0.8
2023-09-20,FOMCminutes20230920.txt,"Foreign economic growth slowed in the second quarter, as troubles in the property sector weighed on economic activity in China and monetary policy restraint contributed to the slowing in economic growth in Europe.",0.296,0.136,0.079,0.785
2023-09-20,FOMCminutes20230920.txt,"Various participants noted downside risks to economic activity, including that credit conditions might tighten more than expected if the domestic banking sector experienced further strains; the possibility that the economic slowdown in China could result in a drag on global economic growth; or that an extended U.S. government shutdown could have negative, albeit temporary, consequences for growth.",-0.4767,0.115,0.176,0.709
2023-11-01,FOMCminutes20231101.txt,"Al­though GDP growth in China improved in the third quarter, supported by an increase in industrial production, Chinese retail sales continued to be held back by low consumer confidence and weakness in the residential property sector.",0.8271,0.286,0.103,0.611
2023-12-13,FOMCminutes20231213.txt,"Chinese economic indicators, such as retail sales and industrial production, pointed to economic growth remaining modest.",0.3818,0.148,0.0,0.852
2023-12-13,FOMCminutes20231213.txt,"By contrast, economic activity in Asia excluding China stepped up, supported in part by a recovery in industrial production, especially in the high-tech sector.",0.3182,0.095,0.0,0.905
2024-01-31,FOMCminutes20240131.txt,"In China, a property-sector slump and depressed consumer confidence continued to weigh on domestic demand, with the government rolling out a series of policy measures to support growth.",0.5859,0.25,0.14,0.61
2024-01-31,FOMCminutes20240131.txt,"Economic activity in Asia excluding China firmed, supported in part by rebounding global demand for high-tech products.",0.2023,0.122,0.08,0.798
2024-03-20,FOMCminutes20240320.txt,"In China, economic data for January and February were somewhat mixed.",0.0,0.0,0.0,1.0
2024-03-20,FOMCminutes20240320.txt,"Although exports, investment, and industrial production were strong, household demand remained depressed amid China's ongoing property-sector slump.",-0.128,0.149,0.217,0.633
2024-03-20,FOMCminutes20240320.txt,"Participants also noted downside risks to economic activity, including slowing economic growth in China, a deterioration in conditions in domestic CRE markets, a potential reemergence of stresses in the banking sector, or the possibility that a pickup in layoffs could result in a relatively rapid rise in unemployment.",-0.7506,0.05,0.194,0.756
2024-05-01,FOMCminutes20240501.txt,"Growth stepped up in China, led by strong exports, but property-sector indicators remained weak.",-0.2263,0.21,0.205,0.585
2024-05-01,FOMCminutes20240501.txt,"Participants also noted downside risks to economic activity, including slowing economic growth in China, a deterioration in conditions in domestic CRE markets, or a sharp tightening in financial conditions.",-0.128,0.085,0.134,0.782
2024-06-12,FOMCminutes20240612.txt,"In emerging market economies (EMEs), including China, growth was supported by strong external demand.",0.7717,0.416,0.076,0.508
2024-06-12,FOMCminutes20240612.txt,"The first-quarter surge in economic activity in China was also boosted by policy support, especially from fiscal policy.",0.6369,0.245,0.0,0.755
2024-06-12,FOMCminutes20240612.txt,"More recent Chinese data, however, especially a steep drop in lending to households and businesses in April, pointed to a considerable slowdown in China's economic activity in this quarter.",-0.3353,0.0,0.084,0.916
2024-07-31,FOMCminutes20240731.txt,"Foreign economic growth was estimated to have been subdued in the second quarter, held down by a sharp deceleration in economic activity in China amid ongoing property-sector woes.",-0.0772,0.085,0.095,0.82
2024-07-31,FOMCminutes20240731.txt,The People's Bank of China also lowered some key policy rates amid ongoing property-sector woes and weak consumer sentiment.,-0.743,0.0,0.313,0.687
2024-09-18,FOMCminutes20240918.txt,"In China, indicators of domestic demand remained weak.",-0.5267,0.0,0.423,0.577
2024-11-07,FOMCminutes20241107.txt,"In China, growth also firmed in the third quarter, and there were signs that recent fiscal stimulus measures were starting to shore up confidence.",0.7096,0.211,0.0,0.789
2024-11-07,FOMCminutes20241107.txt,"In China, core inflation fell to its lowest level since the Global Financial Crisis.",-0.7717,0.0,0.358,0.642
2024-11-07,FOMCminutes20241107.txt,"In China, the announcement of new policy stimulus measures boosted domestic risky asset prices, with limited spillovers to other markets; the announcements also drove notable flows into China-focused investment funds.",0.3182,0.144,0.107,0.749
2024-12-18,FOMCminutes20241218.txt,"In China, growth in retail sales slowed, suggesting that domestic demand remained weak.",-0.2023,0.153,0.259,0.588
2024-12-18,FOMCminutes20241218.txt,"Strength in high-tech goods production continued abroad, mainly in Asia excluding China, supported by buoyant U.S. demand.",0.7096,0.338,0.068,0.594
2024-12-18,FOMCminutes20241218.txt,"In China, inflation remained close to zero, in part due to falling food prices.",-0.1531,0.0,0.11,0.89
